id,accuracy,lat,lng
42985,43,8.47825956126482,76.95471090994006
40038,13,8.525198936758894,76.95539499964538
38514,30,9.587031219906576,76.53578187897484
38406,48,9.92239097269134,78.09568564957308
39056,0,9.949992891843333,76.25344163680757
36232,0,9.954733883219548,76.34603971638177
37696,0,9.95844390837226,76.30208214425558
35756,46,9.984797174991018,76.30620908009283
35896,50,10.001311534315485,76.27954568125936
36590,22,10.016226899748473,76.36241301280216
36310,12,10.027027,76.3110593654827
35852,0,10.008747151275601,76.34228117571521
39110,0,10.107542063959755,76.35266640058886
39824,0,10.507086583542941,76.22367865971026
38405,28,10.532675131512757,76.20261205417093
38044,4,10.821211351778656,78.68826731728282
47035,30,10.993074020840819,76.95051071419608
35954,24,11.018939799496948,76.98907646414291
45700,0,11.028525383039886,76.9018150156989
35956,40,11.026353266618756,76.9369252945049
36692,0,11.012462975925262,77.021797
46973,0,11.016229145526411,76.95681269511132
39366,33,11.049733123248293,77.03666946579365
39048,49,11.083892713977722,76.97997700309351
46959,0,11.076944277039166,76.94263891662882
38606,45,11.271478228530363,75.77788839982405
38452,0,11.33722265684513,77.71002539442775
40190,4,11.677176179662235,78.15467288926844
39044,41,11.940733488321955,79.82622962597024
35900,0,12.26819490118577,76.64180497525668
37422,38,12.296856827524255,76.63149132530273
45943,0,12.30296758929213,76.69298986957187
37128,0,12.344285782608695,76.61429612334933
38286,38,12.326084689902983,76.66054235568888
37470,45,12.332829915199426,76.63247344605129
45857,29,12.521134078692059,76.89722656464345
45783,0,12.722346656934963,77.7035079298929
39206,130,12.72973,77.8201783926145
36014,48,12.725198020122171,79.99580555901544
37808,7,12.791646622709306,77.6554872809615
45797,0,12.783343827524256,77.77039725743386
39370,35,12.789611947897953,77.70383300524479
40092,181,12.813286784764644,77.50934138963686
43547,43,12.816187392382322,80.07753377929156
45779,0,12.790972889328062,80.22108342552964
44856,39,12.819154219187928,80.04281999189024
41513,43,12.818617324110672,77.78581058395632
45076,35,12.842055570966581,77.58974299489059
37516,48,12.820301962630255,77.66351737897496
37086,8,12.827297690711463,80.16478076210669
31033,48,12.83592459719727,77.69935997458091
41539,49,12.842176842975206,77.64092280649328
38106,0,12.829493780812074,80.0466570069874
35562,43,12.842976339920948,80.22731451523035
30720,39,12.83643214301114,77.66496753792303
45018,43,12.845492888250089,80.14821090646807
38260,0,12.860372832554797,80.07341536590033
41773,39,12.86791027488322,74.8467298041079
31025,0,12.851351,77.65187005645909
34288,10,12.859960220984549,77.77732353317114
44077,36,12.851351,77.6743598108752
35552,0,12.881442139417894,80.19758729527969
34348,0,12.864865,77.60061947823364
40532,0,12.883054694214877,77.7541624606185
41471,0,12.889709103844773,80.1157502482157
37340,32,12.885654320517427,74.84529680419627
40150,0,12.88624344511319,77.4512653195247
31462,50,12.871429563061444,77.6168505810143
30614,0,12.89301488896874,77.64978572610522
40528,0,12.889570957240387,77.54083187255476
30792,44,12.874883569529285,77.64802852306819
31250,40,12.884288887531442,77.67232743414621
42458,0,12.873711273445922,77.5703183741694
30248,11,12.894479136183973,77.56540544053333
41161,11,12.88916113402803,77.60140234110237
30638,0,12.889444102048149,77.62061268488566
30788,43,12.884754917714698,77.59598748516463
37330,46,12.892300731584621,77.57423465049968
38212,31,12.893589808120733,77.6627516350109
34744,39,12.895588550485089,77.6327087281061
39451,0,12.929456190082647,79.135142
30644,39,12.892983448077615,80.2312331876986
46663,40,12.927531712540425,74.858144053612
34544,18,12.91698763097377,77.49931445721091
34612,34,12.91557279087316,77.51883764536895
33992,0,12.905926020481495,77.60897762850372
39459,0,12.910448111749911,77.56689972511006
33415,19,12.907260012576355,77.54592782660632
39058,50,12.905405,77.58719118339005
40589,50,12.908670361121093,77.65066594566325
34994,39,12.912702686669062,77.62505502088707
45342,28,12.900670900107796,77.6628161359692
31304,33,12.908499681997844,77.67630824335264
34262,0,12.903379308300394,77.63875430999603
38326,0,12.915150584620912,80.15694015294885
39466,37,12.924681666187569,80.0980790614064
33317,44,12.914728378368666,80.1900991980772
34610,35,12.932746408911248,77.49135700566981
31532,0,12.926078540064678,77.58947667065661
40102,0,12.92612345562343,77.60870143744702
38218,0,12.929283419331657,77.56259498797164
42474,43,12.932432,77.57564
36385,0,12.919246883578872,77.61484335450456
36475,8,12.91955230937837,77.648514
36527,37,12.923821533237513,77.63836757555632
38280,0,12.914828284225655,77.66704636752499
36222,37,12.923239876751708,77.69517339960302
40777,41,12.926262693855552,77.7390210939227
34546,0,12.936663045634209,77.54858225923512
38084,0,12.938650559108876,77.62622061289399
36535,18,12.932432,77.51734
40076,0,12.927311626302552,77.63804966348344
30771,50,12.931982844412504,77.68330835217687
39826,39,12.935715327344592,80.14130532774328
35326,30,12.927486796981675,80.19508355343325
35040,0,12.952399136543299,80.1859576322161
40580,0,12.931291144807762,80.23487281673314
37170,0,12.960932230326986,77.50167367226832
39526,0,12.950154587854833,77.54738870745722
42816,0,12.942667164211281,77.5719853005078
30377,44,12.943552000718649,77.61744679648548
38284,16,12.945698964426876,77.59678831174199
44319,43,12.957208730506649,77.66164066082654
33720,0,12.950383657204455,77.69014746169228
35672,0,12.960195615163494,80.16551089224508
39290,22,12.970255608695652,77.52458639489397
37630,0,12.960404023356093,77.60184387932668
37690,0,12.955865755300037,77.57792601274856
33966,0,12.965750578153072,77.60267804731664
35570,41,12.956830348185411,77.72943871071409
35558,36,12.958156448796263,77.70869345180299
37418,0,12.968400596119295,79.1488550967243
37022,145,12.959459,80.242827
36602,0,12.982408406934963,80.25934204902995
41473,0,12.987469650736616,77.48489985069796
34658,0,12.975649967301472,77.55614236873016
42818,0,12.980551531800215,77.57425258625086
44079,37,12.982591821056413,77.61233922329504
30664,0,12.977262435860583,77.63923957054259
35088,48,12.979166855551563,77.6419779904519
35494,3,12.969359543298598,77.67445418606691
35572,0,12.974545198706432,77.69695141631868
38210,0,12.963124109593965,77.70843998347907
41913,32,12.967156140136543,77.71873466901101
41783,0,12.974814537908731,77.67864015644686
36154,0,12.980190930291052,77.75040804825147
31669,28,12.974998691699604,80.22248126700431
34826,30,12.964474976284585,80.13011806120961
42038,45,12.968415162414662,80.097079
41455,39,12.983979711821775,80.18730288972627
30566,38,12.985803283507005,77.52057122541216
31277,41,13,77.55256558755872
45744,0,12.997754222062522,77.6738922976825
31434,0,12.995035800125764,77.66707203002179
39340,0,12.980390958677686,77.6796634701888
34835,0,12.98010125332375,77.73395004757805
34754,0,12.989749730686308,77.71722090369373
38600,49,12.982250462809917,77.76693804644043
43543,40,12.990348738052461,80.2142485814992
40186,0,13.017250974487963,76.11036625730716
41915,0,13.01148740998922,77.54393147936621
41651,41,13.01643351131872,77.50387701048808
30995,37,13.000911785842614,77.61350045750818
40144,0,13.00500250161696,77.56515854789895
37674,32,12.992274523895077,77.59881162076654
42312,17,12.994632590729429,77.61552879293683
42260,0,13.012817808839383,77.64276538618016
45094,41,12.991341371900827,77.70534549779458
31320,0,12.999061264822135,77.71435447287257
34538,0,13.006364897412865,80.25720642907208
40861,0,13.013514,80.2243150997956
40972,44,13.013217945382682,80.13074338462688
38208,0,13.026362249730505,77.61400233373458
37676,0,13.026465555515632,77.59246377995328
33666,0,13.022640995688107,77.62899569992521
34780,0,13.023312483291413,77.6701093233456
30378,20,13.017026396694215,77.65671170707131
45070,0,13.030131951491198,77.69309959941809
34766,14,13.0261756960115,77.71792586052331
31862,44,13.018171743442329,80.16680894534818
31791,0,13.034946767157743,80.21283791587986
38150,12,13.050233777578152,77.48743947651609
34742,29,13.023310966942148,77.53777830393643
33974,43,13.03184616636723,77.57277729702301
43063,26,13.03408772583543,77.60915496573409
46785,35,13.045885951491195,80.07792581664971
33988,34,13.043159577075098,80.13369694677573
37700,0,13.02899430147323,80.17914788490043
44858,0,13.023930546532519,80.26049225110401
34946,0,13.033736292849442,80.23459574849193
39934,0,13.042059145885734,77.50682781221711
36010,0,13.039255545454544,77.55015043724345
40674,27,13.042422961911605,77.57540025443558
39114,0,13.033081617319441,77.63769178596895
42488,33,13.038326662953647,77.66459526478312
41865,0,13.05755831189364,80.11400821232226
36473,40,13.052872720804887,80.17576710346303
33838,27,13.062007453826805,77.50541264680406
34540,20,13.06301805389867,77.55198603929477
43721,46,13.054054,77.57564
44121,44,13.069306232123607,77.78982985816997
34734,0,13.052711024793389,77.60109121679102
33926,11,13.070043938914841,77.65270067810621
31244,0,13.029381883578871,77.76224902415201
33509,0,13.046944989938915,77.62773313337969
34602,0,13.056268337046353,80.1938227290712
41228,0,13.048983033417176,80.20599558767526
41547,0,13.058833015450952,80.22484001291186
36371,40,13.06120455695293,80.24425635844442
38366,0,13.05763377003234,80.26972593897587
37414,39,13.075992067193674,77.52800936962383
35388,23,13.067568,77.58062905961508
42172,0,13.066894266618757,77.60913943959942
36375,19,13.06151338268056,77.63437241968933
34756,0,13.064209407833275,77.74137135106825
31861,27,13.07210896298958,80.22092891839819
34792,45,13.074752397772189,80.25476907367691
37424,13,13.088639196909808,77.488191
35894,32,13.090943365073663,77.60158869810611
30832,19,13.08165142759612,77.633939
35264,0,13.08007489148401,77.64403650794321
31757,37,13.085675861660079,80.18827698122949
36220,0,13.093656264822135,80.10617096663483
35084,0,13.089156817463168,80.21811293290445
38830,17,13.088288855551564,80.25101511925084
41971,45,13.09007200323392,80.28614058703907
38838,37,13.104645010420409,77.57005521982
37430,48,13.102484572044556,77.63350089667018
40823,49,13.099782747035574,80.19193862625553
45324,47,13.096930609054976,80.23180744047481
30697,47,13.103753282429034,80.24945639473012
37126,43,13.118998931369026,80.15155928652187
42122,28,13.11720475961193,80.22871109251555
34134,29,13.122452937836869,77.62373153889422
41447,45,13.122331665828243,77.6021555622397
38682,33,13.116634127200863,77.57294667187773
35548,0,13.125470056054617,80.19505137437345
44660,28,13.118450961552282,80.26120230068736
36430,0,13.138574734099892,80.22861889864744
38368,48,13.120921317283507,80.28447100138483
35704,34,13.143384896514553,77.5660555968032
40680,11,13.141586028386635,77.6292377791616
44866,0,13.140809609054978,77.68370196832687
44303,0,13.143375913402805,80.25528952516547
44616,0,13.047085196909809,80.2666230807697
40405,17,13.182982421128276,80.19358017228582
38148,28,13.229006859504132,77.54957400455287
45881,50,13.228319651455264,77.692238
45708,0,13.324324,75.77234613462265
38104,0,13.334577130434782,74.7497178995237
38922,38,13.337004367229609,77.11883564845294
37328,0,13.356030331656486,74.78406321646521
42618,10,13.6145373215954,79.405410667198
38262,0,13.631757349982035,79.42599557203367
45777,0,13.652390466043837,79.45663385626355
38516,0,13.936088126482215,75.57122472334319
45762,9,14.230983144089112,76.40316685577255
45686,34,14.418919,79.95734137734266
38476,0,14.44035071254042,79.98522945483114
37868,37,14.454266761408553,75.9148365862591
45638,0,14.677903811713975,77.58448449728424
38598,43,15.153367533596837,76.9297351737432
41991,29,15.27027,73.93223897999552
46321,0,15.27216543657923,76.39319532830908
35000,38,15.27738462450593,73.975665
38324,0,15.358895722242185,75.11679827522099
45746,33,15.368554813151276,75.15034076892773
34344,37,15.390162750988143,73.86264019084777
36024,38,15.397762463528567,73.81900945918795
41989,48,15.401908169601148,74.00626390327723
38082,43,15.450239927416456,74.995901
44043,0,15.473718598275243,73.84994009901976
38256,0,15.458021702120016,73.81573072294267
34106,22,15.490002888250089,73.82136778167705
37876,0,15.489089420768954,73.90512309229699
44373,0,15.508941596119296,80.04353927119814
42752,45,15.510518132231406,73.78495774737792
33970,2,15.543042796622348,73.82132433411171
34594,0,15.534833324110672,73.76488191704547
45164,47,15.56397026374416,73.78334419018263
43449,44,15.593368805246138,73.80219959674045
42028,5,15.596548826805606,73.74606901492314
36389,50,15.60015105461732,73.81766533671394
35694,40,15.631305794466405,73.76067728716872
39208,0,15.828379874955086,78.03658491361283
38188,43,15.834583867768593,74.5032152316345
38206,45,15.885540939992815,74.51087484953017
45130,30,16.207826474667623,77.35509351399499
46015,0,16.242344688825007,80.64219129307796
41705,11,16.296991574200504,80.45213853404627
38468,0,16.310811,80.41620770868364
36594,0,16.332224646784045,80.440709926765
35926,28,16.472973,80.61677337538808
35686,17,16.489076536112112,80.68782471429387
41607,0,16.492091461731942,80.67056436577826
35930,0,16.50365163492634,80.650921
35684,45,16.508694560546175,80.67423843551076
35952,0,16.51719258426159,80.6245116505588
40773,29,16.540541,81.51230523020907
39104,46,16.532452799496948,80.59196138333489
39108,30,16.54759065109594,80.65280463501475
45084,27,16.67747262234998,74.20440299572199
39052,0,16.681658752425438,74.23494081683576
41299,0,16.71232666475027,81.10034395197793
38466,40,16.712043344592168,74.24562743938527
45644,0,16.83515936471434,74.64048599460017
40678,0,16.8340699690981,75.71816567918175
42158,38,16.8574763905857,74.58488310105164
41101,14,16.943367846927774,82.23641867055142
43595,14,16.994732496586415,81.80410063741239
37020,33,16.975861070427595,82.24790215986575
40094,0,16.99852227811714,82.24516504041264
38086,0,17.010381969816745,81.79266661436247
41153,43,17.029856680201224,81.78565520688578
42857,43,17.25827065432986,80.15575896831321
40583,30,17.26391654006468,78.38175863771035
41525,0,17.32081609486166,78.52510410270389
40362,15,17.318642181818184,78.48949530406165
38722,24,17.323560435501257,78.55402829308423
38454,27,17.334240263744164,76.83940180314431
35898,0,17.324898919151995,78.4260876320234
40921,36,17.3330859338843,78.57964846279141
45434,20,17.32278339633489,78.61045
40917,0,17.343227867049947,78.45211739848813
40208,45,17.344696605821056,78.39214327003691
43715,0,17.352779314768238,78.41617818909549
34338,0,17.347021140136544,78.532404564758
34008,43,17.358049063959758,78.38384191480725
36860,37,17.35933698634567,78.47735699760405
33531,50,17.35885189831118,78.55668272154169
34606,46,17.365215341358248,78.420978
35646,49,17.382433874955087,78.4430344572198
37474,38,17.371835894717933,78.50607291762138
37088,22,17.368759178943588,78.53970317556895
34284,37,17.384109225296445,78.33857891834015
41094,18,17.38358351994251,78.3678300745166
41225,50,17.394955241106718,78.42687082642784
43439,34,17.39361675745598,78.48558403845121
34406,30,17.40043621631333,78.5412285848094
40327,0,17.396657540783327,78.33721264876294
39456,47,17.395354989579587,78.362678
30881,0,17.39770407330219,78.4006372581408
31424,1,17.408553580668343,78.49910590644444
33135,0,17.401088614804166,78.57520576136048
30729,0,17.406415779734097,78.3743959600846
37684,0,17.400367565936037,78.3819293803456
40817,15,17.405405,78.40844587413736
31237,6,17.402247436219906,78.47771427535118
38090,0,17.43499460150916,78.65841263378793
35310,49,17.42316099065756,78.3286869817876
34776,0,17.414544224577792,78.36678748923335
30650,27,17.41746822745239,78.40894499279646
35538,27,17.42708255695293,78.43282626444268
33513,0,17.423174961192956,78.46027329302859
41303,29,17.430972244340637,78.5445670616198
40248,40,17.4212141850521,78.58479762613268
36552,37,17.43910086884657,78.33264389240361
38272,46,17.433492007186487,78.36624179313954
36872,0,17.445555234638878,78.35918320255402
35630,0,17.438339453108156,78.39508854022549
40324,48,17.447473128997483,78.50260674633182
35560,29,17.468890175709667,78.30954457596319
43811,23,17.439931806683436,78.38510169262028
35842,8,17.449296700682716,78.39097110692539
41987,0,17.456921220625222,78.43320726988472
42030,27,17.440875033417175,78.4476035047663
41457,38,17.44377208695652,78.46911801251439
33525,39,17.4569661864894,78.54709881237011
40443,0,17.445946,78.28010762140671
41721,33,17.46919110995329,78.33177734475767
34660,44,17.463182499820334,78.34630994679081
31514,46,17.46944712863816,78.35511072522272
35372,28,17.462277297161332,78.3677393876797
33874,40,17.47382639561624,78.48513949110429
45752,0,17.482120207689544,78.61838038751726
30741,0,17.474747164570605,78.29913807090871
40250,0,17.472973,78.34671960476386
34828,42,17.46805025476105,78.4132745667953
42036,30,17.476530312252965,78.3613642188232
31012,41,17.481513847646422,78.39369985041587
34552,18,17.498625583902264,78.3150121257737
37626,40,17.492549600431186,78.33061867966359
34140,14,17.489139869924543,78.35525698447047
36870,33,17.47733740495868,78.37797744118882
35662,0,17.484806158102767,78.41740372251017
42807,22,17.48977831045634,78.4440709695521
42933,18,17.48049426446281,78.49572149939506
34302,33,17.50237603305785,78.54606256792808
40246,0,17.473839870283864,78.55074776945452
34034,0,17.5,78.59147630163996
34664,41,17.509956687747035,78.37566581631086
38474,37,17.500592885375493,78.39582638855212
34304,50,17.5110750851599,78.45795277248963
37426,0,17.53040219942508,78.29284237601429
38612,0,17.524172561444487,78.42392430760496
33994,31,17.534118075098817,78.35749185742542
31058,28,17.531406266978085,78.39209648949071
30765,35,17.526537420409632,78.48174044936253
42320,0,17.54792751778656,78.36334693059443
40584,47,17.554054,78.43753530176505
42034,0,17.569229875673734,78.47860328187818
40080,0,17.634762200862376,75.90157403548537
45430,32,17.6375020499461,78.48965732390232
40078,0,17.693752420768952,74.00670461012685
44393,37,17.668072887531437,75.9313465981535
41155,22,17.675676,75.89792577552753
36592,40,17.677845421487604,83.19849298665126
44395,28,17.69047807653611,83.22655371357972
39827,50,17.697618558749554,83.16147761565604
35960,0,17.716503459575996,83.3092393569071
43057,41,17.7255379662235,83.30527020858186
36224,16,17.746137318181816,83.25056288713222
35924,0,17.73226772906935,83.30029914365949
36351,43,17.731953320158105,83.33226802852555
41731,20,17.75399934998203,83.21862252401428
36228,17,17.741006205174273,83.31247725514527
36596,45,17.778778129716134,83.35881425310487
41699,0,17.809022167804528,83.20483247955708
36321,32,17.800499479338846,83.35896006967981
40074,24,17.825958926338483,83.35496726447315
38596,43,17.918932474667624,77.5094095171471
41092,46,17.976939043837586,79.59557200768825
41479,0,17.992302564858065,79.528662
41725,23,18.013514,79.55746149330675
39613,0,18.10721867193676,83.40069671575004
40968,0,18.384683052820698,76.56880991205031
40771,0,18.43788924038807,79.13381631478822
31214,0,18.447818978799855,73.83707963006026
38032,27,18.439057044915558,73.88882776505255
35647,0,18.454212862738054,73.79246726719298
35532,45,18.444978069708945,73.82221794128306
41829,0,18.444055054976644,73.90648415852127
41827,26,18.45529083614804,73.87000071843991
37476,30,18.458093567014014,73.91251242053532
34274,17,18.457451274523894,73.92328025386634
33535,25,18.467946948975925,73.81416856125355
35892,42,18.458291195472512,73.83543449956612
34768,2,18.46038426051024,73.8803944640615
36288,32,18.463775385195834,73.85802996499953
38204,27,18.479279144448434,73.93125905460214
33724,6,12.96194283039885,77.5340904134605
35546,0,13.076872412145166,80.16023822473034
41207,0,17.405405,78.59228820255149
34276,10,17.424834379087315,78.50691957657499
42476,0,18.48560565504851,73.7989399281257
42943,0,18.49041161983471,73.8583802746266
36856,35,18.471662557312253,73.91405231255355
33409,0,18.487487616960113,73.95236014687275
39166,39,18.488349995688104,73.82547554559928
30615,19,18.48389437226015,73.89380532174305
37698,27,18.499191519942507,73.96199560515193
45030,48,18.48833652102048,74.02156378758914
41985,43,18.502423194394538,73.73994212311645
31026,30,18.51473121164211,73.76854383433324
35910,38,18.50575120804887,73.92726940078866
41523,29,17.457527630973768,78.40544483490892
42184,29,17.35717205641394,78.36957647367697
38646,0,17.509390751706793,78.50374919779054
36000,26,18.520489386273805,73.93669208266903
43597,0,17.392498360043117,78.4559115778164
39457,0,17.412358323751345,78.43367232799937
39454,32,18.530728042040963,73.83364605941955
34104,27,18.525109105641395,73.84124711437397
32398,0,18.53204746784046,73.87647017250397
38080,0,18.518596726913405,73.90558616526567
30513,33,18.517035379805968,73.91546653483223
34010,41,18.533884514193318,73.94145185705199
40520,6,18.52599394214876,73.95653394894562
38264,18,18.541367004311894,73.79138809223498
30579,0,18.55387773769314,73.80510328509702
41445,10,18.538939760330578,73.89908159188836
41707,17,18.551910629536472,73.91850306279984
30442,0,18.547134604024436,73.93036813110294
45382,38,18.552481955443767,73.96373946011063
38724,0,18.55161059360403,73.76318420018592
31486,0,18.554512138699245,73.771618
36906,31,18.5604656960115,73.7793442045789
36074,47,18.573894510600073,73.88272054286362
45384,45,18.55144440603665,73.90812102361824
38194,0,18.549980158821416,73.94419927853454
40104,0,18.56691223284226,73.74127024079031
45428,33,18.56951733524973,73.76226079171305
37168,31,18.57938498850162,73.76732961476918
37078,0,18.568973856988862,73.83060977911178
31445,0,18.561999562342795,73.94895610706058
35902,34,18.574517745238953,73.97903402017049
35534,42,18.582557181279196,73.6815114353324
33507,0,18.587913741645707,73.7049057276738
30821,0,18.581081,73.74381948947304
39832,46,18.57727216061804,73.78819499667664
37210,24,18.586811133668704,73.97224381936604
31364,29,18.58862010779734,73.9944195821333
40106,20,18.597860361121093,73.74150699610614
31298,0,18.603674930470717,73.75590413106038
40108,29,18.60167593783687,73.76585501795918
45809,39,18.59423118397413,73.79717114800279
37284,45,18.615069911606184,73.87551409994683
40725,37,18.594895934243624,73.9002983249097
36461,29,18.51965844843694,73.84195776147403
45422,35,18.608321348904063,73.74412654327628
30667,50,18.603369408551924,73.79236828674951
35312,45,18.613021762127204,73.77352484933995
34294,27,18.60142905641394,73.91178143954559
38270,49,18.616393828961552,73.90965452738614
35676,33,18.62246641250449,73.72450466402503
36032,0,18.635135,73.74115126193786
35888,0,18.635135,73.78972434840394
35034,25,18.63247150736615,73.80287187776572
41157,32,18.628916286740928,73.85295234334097
35262,26,18.642136243981316,73.75435623370248
41659,4,18.65479793999281,73.83881274457951
45198,39,18.662162,73.71754307028299
39568,25,18.652520721164212,72.8815083412738
35382,34,18.655159664390943,73.78010873927151
35530,36,18.662162,73.73103888389194
38602,41,18.667623731943944,73.88965350957945
41168,0,18.669907688106356,73.80017443075084
35386,10,18.67945358983112,73.8334828796196
34146,35,18.5835738135106,73.8218372007213
39040,0,18.73648769996407,73.67398221560298
37076,22,18.755077158102768,73.40496269152968
46401,47,18.754904233201582,73.85769779051213
45334,17,17.368256124685594,78.49298136637266
38840,22,18.914562159540065,72.82600956243566
31102,0,18.943224566295363,72.82618751343058
34750,43,18.962324612648217,72.81173370352954
30024,0,18.964049370104203,72.84004308476601
40146,49,18.957004645436577,72.81490493175784
45748,50,18.96959644160977,73.01649206546834
37918,35,18.984938504850877,73.02753936185348
37122,0,18.96981319044197,72.81838088326022
37070,33,18.976674042040962,72.82382002710213
41717,38,18.98085808048868,73.10485908893281
32783,22,19.005048508803448,73.1167696083978
44123,0,18.98807151922386,72.84187202070753
41163,33,19.00269942508085,72.82230572742797
34878,38,18.997120912684153,72.8508930520528
34138,36,19.012404585698885,73.09053186314448
40670,0,19.035292616960117,72.89599185860877
43559,48,19.01963149910169,72.83265579987969
37472,0,19.012310263025512,72.85056980760557
31038,0,19.02250759647862,73.0149376495373
34529,34,19.015925965504852,73.04273172466475
45474,50,19.02138336004312,73.02383568732319
34268,46,19.03067863492634,72.84376854417118
39972,0,19.033472218109953,72.86133481489914
36465,0,19.03717682464966,73.06382691827392
37432,0,19.04385999029824,73.10207768023837
30673,28,19.047087596837947,72.91763144354739
43045,11,19.045306903341718,72.92532513381917
34394,49,19.049501653970534,73.02067271536616
34679,0,19.04741997197269,72.82534514104
44031,27,19.066548416816385,72.84814045669067
35002,256,19.05989189974847,72.89190608267192
31267,0,19.052181021200145,73.0811516728471
38409,19,19.07217184477183,73.09597423653094
42526,285,19.055982031620555,72.8330238557562
34556,27,19.07003161839741,72.90325671651901
41649,34,19.081081,72.8797519170449
38026,26,19.069319706791234,73.07646192542673
43897,22,19.078536982752425,74.72862934494086
33918,43,19.086381035932448,72.838832
39094,46,19.081736767157743,72.85577283439031
36044,49,19.09003157923105,73.0060316666373
30860,0,19.085078484728708,72.88974534699955
33503,0,19.083070759252607,72.90996652219484
31466,0,18.565160526051027,73.91397351463988
36329,0,19.100973009342436,72.853406
41219,17,19.099311133668703,72.88473296851112
35654,44,19.10082388968739,72.91374987679134
34764,4,19.104424025871364,72.838832
37480,29,19.11404474523895,72.85814531800342
41317,2,19.11794341573841,74.73016558202556
43041,32,19.12200378224937,72.86890324645498
43507,50,19.139921700503052,72.81225278603146
38202,31,19.11890460869565,72.93868728108798
35030,33,19.111911256198347,72.88440038455875
31225,7,19.118493419331653,72.90517204824128
34272,6,19.124404518864534,72.92478014009167
36912,0,19.120142203018325,72.99110816374517
37478,5,19.115666196909807,72.88808955747236
36517,40,19.119380713618394,72.84370469389869
39346,44,19.143099682716493,73.04764430380897
46189,31,19.14960120984549,77.32445417865843
41542,30,19.15819146460654,72.85669885555093
30710,40,19.130971327703914,72.87158458268624
37814,0,19.134531649299316,72.82599766517082
33684,37,19.134339994610134,72.83670210200924
34652,61,19.141256616960113,72.9915046158197
39567,0,19.14213175242544,72.79658087363597
34292,30,19.14204192130794,72.83586998000487
34410,45,19.148649,72.93034520507945
44317,0,19.154334186848725,72.93854462902301
30795,35,19.157324310815667,72.83533259336798
35850,46,19.155337080848,73.0790771613271
41787,32,19.15804773481854,73.23313080306286
31287,0,19.162427001796623,72.9377499749694
36519,0,19.172986649658643,72.87463375156935
39978,25,19.16586304204096,73.0344382118196
37692,32,19.19368504743083,73.20237822491502
32072,83,19.1645649823931,73.072028
34116,0,19.166437961192955,73.115753
41016,49,19.179916028745954,77.3054608115964
34654,26,19.17842126051024,72.87397379439797
35682,39,19.175676,72.83522740281681
37246,37,19.175291564678407,72.8567978827732
35076,42,19.170771220984548,72.94324670085363
40439,13,19.180751458138698,72.99519500314949
38964,46,19.192912499820338,72.96695171025858
38274,5,19.180279844771828,73.08601806880681
41789,50,19.1842393054258,72.85809039614286
35020,28,19.191470710384475,72.9598481287789
43043,32,19.188910523535753,72.838832
34532,37,19.206934045634206,73.09824337298738
39455,30,19.205420391304347,73.16055191352807
36728,0,19.19713796227093,72.81615476686044
43505,38,19.204440650017965,72.82696864242163
34784,44,19.21008502623069,72.86912745756945
45937,0,19.19793745921667,72.95543
42931,26,19.202703,72.999154
41737,31,19.205996587495505,73.1171418440407
36858,0,19.21329648868128,72.8430605217249
34558,37,19.208128799496947,72.824257
44301,0,19.220033269134028,72.83792445300232
43435,27,19.219840685591087,72.87073740476372
39980,38,19.219256783327342,72.95833623123315
34286,39,19.223999866331297,73.12468543266023
44816,0,19.219041188645345,73.20020911316074
30930,31,19.22152841897233,72.84639930425688
41529,25,19.23719736579231,72.99559055354828
36263,0,19.23977102730866,72.97047596324065
37986,31,19.22624006108516,73.08377742100188
37810,0,19.240363912684153,73.15855884570763
33313,0,19.252750532159542,72.86512170335014
39298,41,19.24057950736615,72.84594169372737
36598,36,19.247986083003955,73.13910752697016
35664,42,19.25316933848365,72.85432659952365
34672,0,19.24992983507007,72.97438500215982
35026,0,19.26549307617679,72.96530422108869
36459,25,19.259743884656842,73.14264203705831
42999,0,19.263891990657566,73.12300661613884
39566,41,19.270391272008624,72.8808145173724
37032,0,19.275739623427956,72.86449311533713
35376,0,19.279490072583542,72.95543
39974,3,19.274029432267337,73.042879
43805,36,19.265940140136543,72.979102513134
44315,38,19.27887922098455,72.88512554728486
39982,0,19.297934800934243,73.21972716383961
44261,0,19.299268793029103,72.84343391448024
41661,0,19.302929411067193,84.79761925707352
42164,48,19.314893824290333,72.8587794285179
42937,44,19.364865,72.80830610044302
37682,20,19.35980301652893,72.85173498170366
34282,38,19.387535190801295,72.82853286413126
39564,36,19.40318617139777,72.84729896492351
42304,1,19.420389984549047,72.81411110582896
34036,35,19.447387789435858,72.80258472471617
44309,30,19.4620236784046,72.80330640171053
36046,0,19.472104174991017,72.80598906377593
39372,44,19.693110128278835,72.7724935789254
45871,0,19.771298566295364,74.47644386215342
36257,0,19.302008642112828,72.86940395331732
40188,0,19.80532175727632,85.83140808442381
44179,46,19.848206910887534,75.2976933126381
45072,40,19.84990022745239,75.23735525387883
42456,28,19.844296857348187,75.35427848258965
38836,44,19.865599369385556,75.32942083312714
41983,46,19.877964776859507,75.3586566687827
41315,43,19.91286098275242,75.35308129703108
38460,0,19.959969240747395,79.29779503929376
41213,29,19.958973911965504,73.83610148912113
36682,39,19.96034832806324,73.76927649574
44620,49,19.97129764965864,73.74508310603947
45588,0,19.99905677326626,73.71114283400183
36359,0,19.987613380524614,73.78975843520459
40668,17,20.01659071577435,73.83504718081207
44772,0,20.010917880704277,73.73839623766375
41453,44,20.03356877146964,73.8035383398739
39256,32,20.162162,85.70040297157857
38288,0,20.2541743553719,85.8368047102236
45853,32,20.278562117139778,73.00137337351455
41159,0,20.27326137621272,85.76030584328056
39408,26,20.248569985267697,85.795823
40864,0,20.286380119295725,85.82032815013378
41727,0,20.29160619870643,85.8623660443456
37750,45,20.326902153072226,85.81369820556145
38108,47,20.346863935680922,85.81431659395618
42182,0,20.36409825727632,85.83158102713509
45268,0,20.378378,72.91709481871946
45702,20,20.391892,78.129482
38882,36,20.388074177506287,72.89888968906034
39410,45,20.46242342687747,85.88944314640966
44502,0,20.477105950053897,85.84537584100858
45426,0,20.605417558030904,72.9178386265661
38968,0,20.69921306108516,77.01809495989593
44938,0,20.752232150197628,78.60012843796218
40731,0,20.910309779015446,77.76135681450772
37338,43,20.945946,72.93337862722777
40666,6,20.951713840459938,77.7655744468434
41517,49,20.996451670858786,75.5553527117656
44940,44,21.04098566403162,79.04295076643996
37796,40,21.089896832554796,79.07979881721488
36296,30,21.084332886453467,79.1016269493299
43799,0,21.106973882141574,78.99528807447294
36866,0,21.106410191879267,79.06890352338537
42486,20,21.104892045993534,79.13444389764254
37434,0,21.11205607761409,79.04436702703933
41735,38,21.117673922385915,79.10778415375188
36012,26,21.137605355731225,79.08095060506761
46469,0,21.13546288357887,79.14604278819859
35950,0,21.137892815307218,72.79612307983021
34688,50,21.143039046712182,72.77342880857911
43717,32,21.14192064929932,72.88154254929835
42855,24,21.15748629033417,78.99921539276546
42118,38,21.139806218109953,79.0926074612334
45080,19,21.13845425979159,79.06111807432733
39986,42,21.141629789795186,79.11938333981945
35392,45,21.161789200862376,72.80094442775732
41601,37,21.18769331189364,72.82947405492959
37760,13,21.164124809917357,81.32975659356104
37628,34,21.171844702838662,81.28990480365579
40587,19,21.18299963600431,72.87978138609154
36588,8,21.18975628350701,72.77205321635822
37428,31,21.196456337405678,72.86097388361361
37634,26,21.1864985580309,79.0679533570465
41779,17,21.175676,79.03434728386593
38200,49,21.17435099101689,79.08571490942248
41521,0,21.174611501257633,79.12684988730207
40811,0,21.199046873517787,72.79821915273877
39825,46,21.211973571325906,81.66491293441057
44944,3,21.20644895759971,81.3570934256282
35550,0,21.201693707869204,72.78012871948714
39112,50,21.217713933884298,72.8857215178907
39936,45,21.212950638878908,81.32417572822158
37166,20,21.230340851598992,72.824257
35936,0,21.230456527128997,72.77939600362578
41697,0,21.22121593442328,81.6189196049866
37124,3,21.23728755623428,72.87444102142376
39360,49,21.24743362163133,81.61233653368804
37172,41,21.234868339920947,81.65343053745565
37624,0,21.254062515630615,81.64599072649051
37018,0,21.260749993172837,81.67252575986875
41151,37,21.27815158893281,81.69590041132076
45086,0,21.276135971972693,81.6708870754748
42160,0,21.518043888250087,70.43985467166702
40200,41,21.593103803449516,73.0268741392644
44313,29,21.62871656665469,72.99711500475065
42478,42,21.703812414301115,72.98608727964361
39216,25,21.764844200503056,72.15474457849194
44255,32,21.763775210204816,72.12375777858941
43047,38,22.093472111031264,82.122975
43061,38,22.09951100790514,82.15858916446317
35018,37,19.414238798778296,72.82595715863114
36457,46,19.211517832554797,72.98288331863384
39100,0,19.445946,72.81613147029147
37622,40,21.242686047071505,81.67599045278068
31547,46,19.102951693855555,72.99873095532573
33722,0,19.072244607977005,72.86719588201208
35566,44,19.107151298598637,72.90169193927336
45280,30,22.25128965361121,70.7769770917925
40202,0,22.267489726913404,70.80197108076574
40582,55,22.247110229608335,73.20636979109281
35934,50,22.269501943945382,70.76124136524834
41655,43,22.270889834710744,73.14704244080855
36676,36,22.274936726554078,73.190073426492
42052,32,22.28635766151635,73.24552495189268
34028,42,22.27963829392742,73.1297299668234
36483,0,22.28566147035573,70.77190987038435
43657,33,22.294480794466406,70.7595729427054
36084,3,22.293880363277037,73.15426007909242
36355,35,22.293991214876034,73.203201
45516,47,22.28803076607977,73.35639800557485
36255,0,22.29534766475027,70.80362716310572
37804,0,22.31233211031261,70.76122834549315
36030,15,22.317822318720804,73.12610296484277
42482,0,22.31737316313331,73.144902
41873,30,22.308493357168526,73.16738123246775
43503,23,22.320425329500537,73.20709983274485
42316,11,22.30522080955803,73.22883610067746
44259,0,22.32281932878189,73.25334008437075
37952,41,22.326601218828603,87.31767016432231
41209,26,22.34412617822494,73.174052
39447,0,22.349680141214517,73.20282220600555
42114,0,22.293864103844772,73.13537282265223
34608,47,22.394793545095222,88.419286
30446,16,22.44886551131872,88.3007976513846
38720,0,22.443565475386272,88.42125901576077
30548,0,22.44987161983471,88.39062541650311
30801,0,22.46616307473949,88.3362093533906
31189,0,22.46866559791592,88.37341849062351
34726,0,22.4641751336687,88.40088104337377
43599,0,22.477720574559825,88.36282438871937
35542,0,22.479867538268056,88.29456341624159
35122,0,22.480247228889688,88.31558597410672
41262,15,22.4803975418613,88.387132951293
35886,45,22.49434622278117,88.33366975101751
36554,41,22.482991569529286,88.3537050423369
36467,50,22.488502708587855,88.39068145676175
31316,43,22.486486,88.39987901664468
40524,0,22.54466424829321,72.96842932422804
34728,0,22.49504132231405,88.30529374616728
35594,41,22.500485088034495,88.38947095293497
35794,32,22.506616061803808,88.32844344463054
34872,0,22.49659090909091,88.36653905094009
43107,0,22.5,88.34876502652237
35908,32,22.499290334171757,88.41069566205313
30752,0,22.514776127200864,88.35481698516955
36036,46,22.527053949335247,88.32771478939063
35082,0,22.5113805109594,88.3786965524647
30549,0,22.51119186561265,88.41649029238566
36680,37,22.545425721164214,72.92695112486487
40974,35,22.543280849083725,88.28585649928893
30817,28,22.5319227959037,88.3169663729003
41955,50,22.527027,88.3772395886095
36531,10,22.520514243981314,88.39764446295045
35016,0,22.53552842364355,88.35598409111928
35994,0,22.53795495544377,88.39057952940246
40767,21,22.537599030901905,88.36580629884158
30551,21,22.5490504067553,88.3893150936143
35014,50,22.56067795328782,88.51066978291864
36868,0,22.56428954509522,72.95585274792526
37910,29,22.560557772906936,88.30962446948251
42040,0,22.551547711821776,88.37257578052149
34136,38,22.55253136255839,88.35516535726241
35308,20,22.57048751131872,88.48714521148975
30492,42,22.573290242184697,88.40054238277826
33547,45,22.570287637082288,88.35159704114294
41309,0,22.5729309177147,88.45821000895184
38258,33,22.587000870643195,88.30489653831336
42524,40,22.587363595041328,88.2810733741366
31390,42,22.585473741645707,88.40469154366562
45470,35,22.578094115343156,88.3625923147522
31015,0,22.58926461480417,88.37526403197653
41365,40,22.594595,88.3889888697595
35832,0,22.58565865720446,88.42467739921263
31076,0,22.58148074847287,88.4631155875479
46483,0,22.63142048329141,75.80212347395204
42470,44,22.599391981674454,88.31949609383031
33668,1,22.597887310456343,88.34689850619745
30668,0,22.60604009486166,88.372167863845
31468,48,22.59402457240388,88.43159393114539
40866,0,22.589883357887174,88.45728011184117
29859,0,22.6103672526051,88.40609767003438
30872,0,22.60642815810277,88.39220479433307
36854,33,22.626005758533953,88.3532988098553
31404,0,22.610075301473234,88.42054615944097
35078,44,22.61786256773266,88.44427823872334
45472,13,22.611229631333096,88.43044547221047
33976,0,22.63301345849802,88.46777068526336
30819,8,22.624909818900466,88.33817730862782
35834,39,22.625924910528205,88.38180652964334
31059,37,22.62900402623068,88.4139621227474
36312,0,22.646715482213438,75.83356171194141
41461,0,22.676538940172474,75.8769602871341
33978,12,22.646466103844773,88.37964530524113
36226,18,22.630920393460293,88.42717412766785
41465,18,22.633777427236794,88.4392337421896
34656,42,22.66536897089472,88.346412
34790,0,22.642029538268055,88.42057566192382
40775,0,22.690082819619118,72.86704141615758
40961,33,22.677710674811355,75.84956785447326
36056,0,22.69319546784046,75.82836795834226
46467,0,22.663260549227452,75.9141978965426
34270,0,22.669230617319435,88.377149002493
38028,45,22.680351709665825,88.29601394092313
34668,34,22.660437242544017,88.433861
36674,28,22.678303560186848,88.4604018480442
46115,44,22.696504652892564,75.86024253945963
33423,6,22.7077964243622,75.92252895000179
35322,45,12.861994895795904,77.68424449694515
45819,32,22.51159161408552,88.2663630933789
31166,50,22.48866889615523,88.37297096604937
45476,0,22.571138786920592,88.33040208154121
34674,0,22.57246329967661,88.43271477598273
42056,45,22.62601923320158,88.48943500079552
38091,0,22.643339980955805,88.4655076237803
36367,31,22.702065199065757,88.35481066169106
37282,0,22.701984351060005,88.38256603373593
37636,37,22.70000357491915,88.46660902923283
43709,18,22.71406005318002,75.90472377351327
43713,10,22.717901456342076,75.8785062562028
43189,37,22.72462759252605,88.390137
31072,15,22.716216,88.37201230151064
34986,0,22.720101195831834,88.48739296346275
40000,0,22.728445415019763,75.82981472201841
37024,23,22.743243,88.34520905239768
37632,6,22.7382753392023,88.463011
34778,29,19.174476754581388,73.23992159903925
39884,35,21.2620480528207,81.58404055374477
37794,0,21.720244925619834,73.02046852253238
41109,13,22.476662816744522,70.0508921149027
41103,46,17.318662239669422,78.46759075870943
42983,0,18.673563775781528,78.09217365488453
45272,31,19.84673577218829,75.3334398593554
41014,31,22.746432004671217,77.74940221511413
41531,40,22.75551283902264,86.20343480258377
45282,625,18.513514,73.873642
33205,0,22.728111113007547,75.87985506026556
36333,44,22.75332095975566,75.89873922116381
43491,0,22.756119199065758,75.93033430043972
39926,42,22.784749684513116,86.25785683732482
44383,44,22.755557754581385,88.3780314524677
33425,14,22.762631955084444,75.91179931088213
35228,0,22.75650996442688,75.87809042123884
33986,0,22.767655914480777,88.36864000500694
44377,46,22.77697589292131,75.89414535390384
41375,18,22.801886392741647,86.12482987297768
41981,0,22.77784616313331,88.32169606254995
38198,0,22.797297,75.855814
35580,0,22.79618758569889,75.9086464340011
43809,46,22.796704114624507,86.25182718911778
41785,39,22.811502699604745,70.82637954483356
36726,35,22.803374075098816,86.21395094235625
36420,45,22.82621494502336,86.16325278400926
44307,39,22.814745602946463,86.15576851018264
40976,21,22.816753328422568,88.37391011612803
37742,37,22.831600320517428,86.22236141924007
36345,44,22.83938758677686,86.20886370542392
41653,41,22.846257575637804,88.35769221616302
45074,0,22.862668629177147,88.39938309150502
45813,34,22.89327989076536,88.38190023676039
38088,0,22.893495485447357,88.42412742324278
45688,37,22.955551346388788,72.6508516231476
35042,0,22.977239978081204,88.433861
35844,19,22.952198051383398,72.5936854490733
40086,43,22.976602177146965,76.0548555718427
35848,0,22.977749769673014,72.6085524171584
34112,45,22.99352317642831,72.50151523998692
38022,44,22.998716506647504,72.46812372265909
35928,0,23.002263744160977,72.51673188026362
41357,42,23.00269942508085,72.58976570453535
41201,0,23.002353575278477,72.61947806998683
34260,19,22.995225476104924,72.65863998579742
34026,29,22.991664763923822,72.60353206025229
45478,4,23.022479299676608,72.54756050104147
35914,30,23.020608566654687,72.56515043062538
35586,0,23.006965311534316,72.45585146950697
41147,47,23.018297507006828,72.47152416490388
43647,0,23.02469797412864,72.50734927105721
35032,32,23.01680181890047,72.51920592603068
46317,0,23.01495578943586,72.59634497181638
44335,22,23.015431894358606,72.67343874541346
35528,0,23.046128495508448,72.50407470488017
30560,10,23.028001667624867,72.52468386460328
35906,21,23.03863766546892,72.628777245675
36862,29,23.042193892561986,72.6636655480707
42853,12,23.063934331297162,70.13159606730484
44385,29,23.03408663420769,72.47299780252153
35648,36,23.036417751706793,72.52297908733837
34296,0,23.036435717930292,72.55753180925399
34676,0,23.0482709676608,72.58964205634733
38604,33,23.04599824038807,72.53558227076857
39334,28,23.075789947179306,70.10651239793019
36082,0,23.0512557606899,72.4803099235566
46239,0,23.0591653905857,72.53894078108132
43987,3,23.049548969457422,72.51413454809918
45016,26,23.072448229608337,72.56191
45480,0,23.063624413941792,72.65107739187613
34024,0,23.064895524254403,72.66915274628003
36638,50,23.081081,72.50014938831886
36852,27,23.081081,72.53203352448449
39467,5,23.108752538268057,72.63124110641195
34030,43,23.110277421487606,72.605635
39368,0,23.112154891843335,72.65881607587099
43762,47,23.084121783327348,72.67969055875542
35028,31,23.098888927416457,72.54250685196095
34258,0,23.088405636004314,72.56191
29861,0,23.11721129213079,72.56343854667114
43495,15,23.121622,79.9699351843858
41108,0,23.124918802012214,79.92884504455928
35836,27,23.130787173913042,72.55211761696967
41056,0,23.14409905389867,77.48873319856001
33998,35,23.14773272260151,72.54068772694778
40527,0,23.132610745598274,72.58156470866416
39992,34,23.157457095220984,75.79475486335743
41781,0,23.160122833632766,79.87335671972862
41535,32,23.16293454761049,79.94456969543354
34666,30,23.162162,72.64552401044453
38102,36,23.15830375350341,79.91669962211607
33097,0,23.174279126122887,77.43312110730581
36339,44,23.17930966870284,77.49215349636644
46489,0,23.173034965145526,77.47614681008687
36678,0,23.18170366798419,77.41753033254983
35300,48,23.183830573841178,72.63078723856773
43191,40,23.190280448077615,72.60805865852933
46249,25,23.18987171649299,75.77708618426823
45338,40,23.20059319223859,77.35386123437057
33101,7,23.183183789795184,77.46216322064593
36327,0,23.192972063241104,77.43716686408804
40082,0,23.19617003197988,79.94400587585217
38266,47,23.19210851131872,79.91204867491717
45921,20,23.202703,80.00337976036288
37806,0,23.215094575278474,72.6481013650525
45632,44,23.217882367229606,77.39051181173696
43199,5,23.203304868487244,77.459041
36323,0,23.229536863097376,77.49090862036317
40192,31,23.238531357887172,77.43628589820663
37862,17,23.22973,87.8673844591442
38886,0,23.24136552964427,69.67778745760582
46851,50,23.232216076176787,69.64278995532639
41305,0,23.234383251886452,72.50016010602343
38408,0,23.22973,72.61872899465821
41537,41,23.25137162450593,77.49892841942625
35318,0,23.27742055695293,77.3728437339713
41739,44,23.262896956881065,77.4178152804401
44119,47,23.25529724434064,77.47198315975962
35688,29,23.270404746676245,77.45841516139737
45694,0,23.270521527129,77.33107537586689
40100,43,23.30529087782968,85.3136323552658
41825,33,23.302421865253322,77.35393711106043
42112,11,23.30502363025512,77.41287053750342
42484,23,23.328770640316204,75.03490004172531
40088,36,23.34443609558031,85.35824634264937
37286,28,23.34213641897233,85.31032504355433
43441,25,23.3565522217032,85.27769603235774
35944,44,23.363463634567015,85.30910166988039
36006,0,23.355025092705713,85.32177845375088
35938,38,23.364865,85.34693577108061
36365,0,23.373531611210925,85.33161233990101
40148,4,23.380138689902985,85.30221282415606
37734,0,23.392606157384115,85.36506324644976
39116,50,23.395116937118217,85.33171533631746
42314,30,23.41951637693137,85.31566753185616
45640,29,23.429620286022278,85.42838374480117
35948,32,23.513743069349623,87.34781203904166
43801,50,23.534180956881062,87.30940720102804
44183,47,23.5593450528207,87.27799794008567
39332,45,23.593907791951132,72.38102851215766
45869,41,23.632534389148397,85.51549454096715
37550,0,23.652538349622706,86.174052468148
41550,0,23.654838363995687,86.13442249751928
46473,0,23.668718579949694,87.6941809659619
41963,44,23.678573053539345,86.97877046092724
38876,0,23.69393040855192,86.94244654020261
38878,36,23.789636497305068,86.42103941642821
38716,36,23.813092710384478,86.45920418620199
42810,36,23.82236568163852,86.41517901607561
41467,39,23.995562342795544,85.36649691888664
45020,0,24.173722173194392,72.42392306400917
45801,0,24.189189,86.30192310935057
42897,18,24.490788910528206,86.7030284409953
36304,50,24.5470245609055,73.70332140714578
41548,32,24.541232699604745,81.29970157389464
36363,28,24.56452721667266,73.7194626917104
41020,49,24.57826030291053,80.83084708120725
36980,0,24.58342334638879,73.66650300528707
39569,38,24.59527519852677,73.76920180961424
45692,0,24.5862103568092,73.6993713010484
36349,50,24.585958829680205,73.71986746990157
39834,29,24.612662437657207,73.70406486159662
46024,0,24.77398900826446,84.96591085352667
39042,33,24.7889313230327,85.00092837193728
44576,37,24.7924371365433,84.98747710263537
35942,0,25.131392628458496,75.83303532268775
40098,45,25.181224194394535,75.89084911752677
46367,48,25.139617572763203,82.56452065175849
34342,0,25.14770577326626,75.84419133766863
38038,25,25.219548734459217,75.87533893848696
36379,0,25.201921469277757,75.83523740606873
44464,34,25.19927594286741,85.51654901470305
42522,36,25.231757937477543,86.96939590523324
45925,16,25.23863915522817,86.93890946017196
43803,50,25.25350062199066,87.02589670529268
39612,45,25.255863180380885,86.98548312872113
43707,41,25.265353837944666,82.97388054563743
38216,0,25.281906529644267,82.9979507978458
43501,38,25.276140463528563,82.97904840664687
35922,10,25.294754779374774,82.97156691043747
41363,45,25.309539889687386,82.9569079301924
38290,3,25.311525157384118,82.98771740845505
44664,34,25.32500222493712,83.00637324412384
46923,37,25.35047963816026,74.64400858014743
37912,0,25.34128751491197,82.98000801496615
37016,0,25.358765467121813,82.96353462729272
43699,0,25.366652639238232,82.99464458767103
41319,24,25.35852741466044,83.02031896926144
44129,17,25.443255558030902,78.5760921581375
40813,37,25.400477763205174,81.86623760711738
42480,25,25.427747307222422,81.91086302710906
40403,23,25.42282665361121,86.1304422509707
41544,42,25.441059187208047,78.54069962715437
36294,42,25.432432,81.82340696265742
42945,38,25.44048648257276,81.8049673432917
37856,27,25.457586021200143,78.61143496903242
38214,50,25.445946,81.77733336255629
44391,0,25.44821423571685,81.87590038673811
37854,0,25.4596661864894,78.5629695052894
41551,10,25.465382270571325,81.84798925605001
46413,28,25.466006596837946,81.82621050265928
36469,38,25.452858504491555,81.85883828059924
41451,40,25.49700862378728,81.860629
45789,37,25.52767827560187,81.85697057909307
45793,42,25.540541,87.57063762716643
40040,48,25.572473901904416,85.15310293196711
46529,43,25.58005692526051,83.5739615135556
39449,27,25.576396307222424,85.05781964139102
38924,12,25.58300338591448,85.09923580078929
45873,28,25.584391276679845,85.22232171894915
40923,0,25.58633502874596,85.17975777722373
39465,0,25.584139749550847,85.1202437534359
43729,30,25.600016307941075,85.14149696328714
39448,27,25.600326225296442,85.07064998322276
36369,12,25.605987985627024,85.0387608005351
36259,40,25.610820899748475,85.04924150199236
36343,0,25.595742592526054,85.16312294268387
40878,38,25.605013318002158,85.19155284978248
41603,0,25.603917378368667,85.21677169752212
37874,0,25.618001805964784,85.11919810355788
36418,29,25.61608391160618,85.0779519954615
39462,26,25.609495890765363,85.14399744051256
37336,0,25.624182186848724,85.1021608502508
39928,46,25.60685485591089,85.17351502078128
44656,0,25.62340065612648,85.04153552266442
37670,42,25.628613260869564,85.0560260987193
43192,27,25.626288726554076,85.1176020486976
39984,35,25.643731837944664,85.08375055112602
42298,29,25.693464961192955,85.21536405382646
40963,26,25.747119212720087,82.67869197208421
41054,48,25.775044523895076,87.48272323471927
46025,34,25.85731578620194,85.7732474413895
41145,0,25.925730598634562,80.80271372753414
46613,16,26.06145948401006,83.18273000439207
45628,35,26.090085477901546,85.39172246765825
40363,0,26.124146254401722,85.3654050553871
38884,35,26.116380354293923,85.39745405348484
44774,0,26.121622,85.897847
45629,41,26.11423448221344,91.71438802402037
41703,27,26.12091682572763,91.77453052255464
40586,9,26.11861265756378,91.8070489600372
45630,0,26.15155952820697,91.67945167009866
45927,0,26.1375379823931,91.7887836950173
39828,33,26.139577148760328,91.76453968150632
39054,50,26.14266284764642,91.81590596374826
40002,42,26.144624565936038,91.74091799833893
43723,0,26.148649,85.39131162210037
40870,0,26.153315726554073,85.8966961116801
37914,0,26.15658585950413,91.78249649883576
45286,17,26.144593125044914,85.35935955753452
41165,43,26.17518642040963,91.73928605873182
41713,0,26.161492758174628,91.74583696315574
43499,0,26.162494375134745,91.7703779705621
40588,25,26.17037147251168,91.829788
43553,0,26.19756466007905,78.15677886802312
36026,38,26.205532680201223,78.20056381818968
38528,0,26.218641440172476,81.2546424520934
41729,0,26.18471990190442,91.76024245161918
37916,28,26.180495439453825,91.77366619364352
38520,33,26.22699015091628,73.01267751625385
45781,45,26.18601796155228,91.70206312118411
38407,0,26.21744219475386,78.17122340490887
36910,15,26.239506025512036,72.97936094746679
40966,34,26.231629928135106,78.21527264771264
39445,50,26.264282756018684,78.21693
36768,0,26.265422490118578,72.99237918108985
35754,10,26.275066981674453,73.0295612476654
42300,0,26.423462362917714,80.32558146365358
36347,0,26.41140571864894,80.36734334656606
41367,42,26.429977364714333,80.3090762123127
42306,42,26.41521346640316,80.38307835785872
39214,48,26.438459667984187,74.65146820573052
40723,0,26.442114702838662,80.29773495278496
31448,37,26.4213040161696,80.39473389211085
43059,44,26.444099970535394,80.33926557175675
43943,0,26.47428462773985,74.60285878827426
35748,32,26.491471627021202,74.6241339915817
41143,46,26.465437260869564,80.3066601278627
43705,7,26.46550354257995,80.22744921885017
33427,21,26.48485556521739,80.24960615260154
43701,11,26.48607726841538,80.27391305231993
34398,16,26.472120380524615,80.28921205751514
34948,38,26.48233580237154,80.31621284570636
41221,40,26.4673372202659,80.32908183492407
34912,42,26.471250488321953,80.35613470507532
37694,1,26.483877528925618,80.39099382110865
40819,0,26.497763205174273,83.77394207997028
38089,48,26.509100862199066,80.24800840804444
38834,0,26.50647236327704,80.27892256796963
39160,36,26.542885592166726,80.48001038714155
42222,36,26.502137980596476,80.31176118998363
46193,39,26.649549556952927,84.9160744591465
45795,49,26.69523463420769,88.37699482366638
40919,39,26.703875296083364,88.42294621378069
45811,35,26.703749532518863,88.45257386348072
44668,38,26.709642453826802,83.40348619422062
44379,24,26.72313299604743,88.38433900197518
43693,41,26.755508347466762,80.87049371717929
40721,29,26.739364387351777,83.42693163012291
37802,0,26.73683564139418,83.37443049527081
44812,40,26.719517293568092,88.42955672140182
40686,49,26.730628077614085,88.41420701192612
46729,43,26.739892299317283,88.43811099860444
37292,33,26.776405465325187,75.86688232195743
31220,26,26.762831983471074,80.96580606968644
36038,32,26.77569470786921,80.94591862109606
42993,46,26.773382648221343,82.13554771048695
37084,0,26.75552182213439,83.36121932644218
45586,49,26.764150100970177,88.38351224689622
44810,0,26.754695375853395,88.41669043467036
34604,0,26.763860549766438,80.9311120766884
38966,0,26.775862289615525,82.17843798722717
44299,0,26.752571204994606,88.44443498786046
45024,15,26.789540083003953,79.02152773221992
41545,41,26.778907261947538,80.99725463875421
30902,11,26.79533868163852,80.88054027432106
39833,34,26.779148714337047,83.35755883029833
41695,40,26.775233169241822,83.4087063507884
37420,0,26.783784,83.38013523230394
46187,49,26.797297,84.50652837625255
35378,0,26.821211351778658,75.74954203481236
33543,49,26.801907582105642,75.81920923864088
34424,0,26.787485042040963,80.90997638807319
34662,39,26.779373292130796,80.98687051778637
42947,0,26.784221181099532,80.92526863027015
39938,39,26.806642836148043,80.9989848403467
46609,28,26.799902102407476,82.73379355851766
39098,42,26.836342311893638,75.65530058651036
33928,0,26.806189189004673,75.86074086791804
42949,32,26.80322027057133,83.390982
34772,33,26.817283332015812,75.82905963129261
36688,38,26.815091452748835,80.90499342521713
42805,46,26.835475441609773,80.88062467202889
38024,33,26.84511488196191,75.56973081483073
39102,28,26.843241341717572,75.6303488793937
37030,0,26.83968852102048,75.69829479989407
42813,38,26.83346771613367,75.768365
43941,47,26.84387914265182,75.80410911017498
35642,0,26.824553069349623,75.85509425932935
39998,29,26.827926227811716,81.01847202970752
44736,28,26.842343030542583,75.74640793962365
35596,0,26.84842250556953,75.76189336466501
36062,24,26.84108090334172,75.81373003610635
35080,0,26.85273439920949,75.86298346681949
35022,34,26.845390705353935,80.87689311977583
36004,43,26.840995563780094,80.91509933684277
35304,38,26.856489339920948,80.95370945283302
43655,0,26.84906631171398,80.98259009714553
36335,9,26.836545083183616,81.00225198796194
31931,0,26.841113508444128,80.93721380612047
42750,0,26.865684206791233,75.78579291942852
35674,2,26.856713917714696,75.79958420964708
43703,39,26.86303244520302,80.91453075305536
30485,0,26.85390669529285,80.9968596764358
39996,32,26.84867403269853,81.00652619152461
36300,18,26.85384081674452,81.0252427650822
34012,36,26.868341464247216,81.03527633240674
36253,0,26.876195103844772,75.77517521216147
45698,0,26.891177842615882,75.88812067121975
41311,0,26.796910726194753,80.898693
44946,39,26.888932064678404,75.7179278396381
30421,34,26.88369940208408,75.74576288598179
34736,17,26.885388227093063,75.768365
38880,0,26.888352653970532,75.79553081580885
36422,4,26.873675340998922,80.87121186987126
43727,0,26.87728318325548,80.90925364750258
42815,25,26.87469492418254,80.93341639463175
35536,30,26.886353911606182,80.93813642130111
30484,22,26.87092650880345,80.95958519897145
41549,27,26.875328233560907,80.98542597033226
31135,39,26.87546747179303,81.00324889428131
31275,45,26.883873557851242,81.04611203091866
36064,40,26.892848701401366,81.06528501701533
44081,0,26.924493020840817,75.69509806620574
35590,0,26.901354514911965,75.73863175287154
30471,0,26.90177806863097,75.78845525310976
30422,26,26.907781033057848,75.82395416564587
33802,0,26.893441586776856,80.92694050534436
39292,45,26.890544533237513,80.96149934895591
33676,31,26.897690598634565,80.96526549348134
31000,32,26.900747256557672,80.99765880046816
43725,26,26.893347264103486,81.0079882125061
36028,23,26.90917790693496,75.71613890475659
37686,48,26.912074960474307,75.7937120520646
36314,0,26.909568672296082,80.94518732062292
44321,20,26.907559340639594,80.9583864996866
37756,33,26.92861866906216,81.190188
31068,34,26.921533085519222,75.732284561447
44181,39,26.922602075817462,75.7979381523784
35380,48,26.933646965864174,80.91456679556865
30998,48,26.929772998922026,80.97438222559599
36353,36,26.94764829967661,75.71291783656413
34222,47,26.935104475745597,75.79672401818075
36052,0,26.942682534315487,75.83928018952096
31396,0,26.935436850880343,80.94785299405915
31588,36,26.94566078620194,75.74716427703471
33209,2,26.955052783686668,75.77618574048914
35698,0,26.959917138699243,81.00022216252164
41777,0,26.86645051922386,81.02059887184886
37028,29,26.987294480057493,75.75520130791199
37672,34,27.03294687064319,75.89723361837228
34738,0,26.866383145885738,80.90433214881818
44125,8,27.1250018957959,78.04018596275657
46731,26,27.109989961911605,78.58936831982525
41709,45,26.868521126482218,81.01461629661736
39374,0,27.164724432626663,78.00733734399095
40288,0,27.159332891124684,78.39642241336111
40672,42,27.138597989579587,81.9567065100512
43895,0,27.15395999173554,78.05835932059482
36058,25,27.18780560079051,77.97772002880967
33920,45,27.202703,77.9504984480386
45859,47,27.215232349263385,77.50406908898455
43945,23,27.20606717535034,78.042033
44371,0,27.195400821775063,78.00929771221327
36784,46,27.212501483291412,77.95926102964916
42162,0,27.224811746316924,79.03634159497878
35916,0,27.22877755300036,77.99688299151059
34412,34,27.209896380883936,78.00919617005329
41215,0,27.3872117987783,79.58871124307127
42658,45,27.394546509522097,80.138754161442
40096,0,27.433123699604742,77.69763259517043
39830,14,27.497826086956522,77.65321813627362
45550,49,27.491632231404957,77.68234156864794
39661,42,27.535550881422925,76.6062060373572
44131,0,27.521349673374058,77.66639020205919
39835,0,27.56638672080489,80.67722851789145
44982,48,27.571828394897594,77.65072828325728
38518,21,27.567033504850883,77.67156255711464
41463,10,27.608611054257995,75.13640797802722
35912,28,27.572975833273446,76.6144569789342
39250,44,27.622569718289615,75.15509354849958
39162,0,27.868642398490838,78.07490216130549
42808,49,27.88628204671218,79.91465558915499
44375,40,27.906905179662232,78.10201431240384
37752,6,27.896915805246135,78.0900566234664
44187,0,27.90326701940352,78.05097672386768
39932,24,27.931668435501255,78.08757701009971
39836,32,27.953241292849444,80.77761831445079
37244,41,27.972973,76.4103425730999
39348,40,28.01387781602587,73.33271134176823
40289,2,28.025419022996765,73.29988743187398
35700,38,28.15569865109594,76.81775
39210,35,28.136518399209486,77.32521433689236
39829,0,28.15265113043478,76.63327045573308
35958,39,28.187531615882143,76.62296290944087
36298,24,28.203605802730866,76.82873697896088
36292,0,28.250949418253683,77.07018245834611
34950,19,28.280633917355374,77.06750280222242
42863,35,28.31015183291412,77.55215245644506
37754,19,28.352289735177866,79.42155977346458
45028,32,28.335987478979522,79.40005075797518
38608,28,28.33970199568811,77.3318943476511
33682,0,28.371665215594685,77.29735504862846
33419,2,28.361649045993534,77.35200568809836
34786,10,28.364865,76.9468404095389
35564,0,28.361707436219906,77.07118787110738
35010,39,28.35335763384837,76.97061367685001
45266,10,28.36337905677327,77.32572843658292
37342,0,28.377005675530008,79.45462406325775
36230,0,28.370596225296445,77.32476438997399
43850,42,28.378378,79.41085410585748
33407,27,28.390917332375132,76.93948532340052
36521,17,28.386422376572046,77.021797
31307,0,28.38066760186849,76.963498
35632,40,28.384747026230688,76.97944082042103
42098,0,28.391546150197627,76.95368661923023
35426,36,28.391370979518506,77.05709935729578
34836,0,28.40402609234639,77.27224983898797
33537,48,28.391892,77.06795741377938
35708,0,28.38477086273805,79.43594074314147
34126,48,28.395644849083723,77.03082686673922
33431,0,28.40626737872799,77.09149484715411
32571,0,28.40445149748473,77.34711549313462
31252,40,28.39463184908372,77.30553920085794
42388,31,28.39453752641035,77.33068131274973
34414,40,28.427163404958677,77.50908375988944
35588,4,28.414644665648577,76.91614026376988
33243,4,28.40244955623428,76.960812084203
36048,19,28.40978426697808,77.03294542783259
31004,35,28.402256419331653,77.04547303090845
35904,33,28.405405,77.10639155574121
45380,0,28.396904576356448,77.071276337721
30725,38,28.412931756018686,77.31923213070291
45865,26,28.417293056773268,77.35744060358343
33393,0,28.424290900826445,76.93153999847769
43993,0,28.42177562953647,77.03779688919668
36523,24,28.412955305425793,77.04269358109427
31719,2,28.41321132411067,77.07255412312641
42096,40,28.424888277757812,77.10563518011062
34110,0,28.424596016708584,77.14675188111295
31306,50,28.41796679015451,77.28613324336966
45274,0,28.433624957240387,77.3110098831606
34108,42,28.438202557671577,77.47876108479699
45468,22,28.454136506288176,77.57842446134109
42989,2,28.445946,76.97355726595912
43401,38,28.435266171757096,77.0340683908864
31717,49,28.426559136543297,77.04559443888944
33027,30,28.449597634926338,77.00073547993635
35334,29,28.42596415954006,77.065522
33980,0,28.439968830758172,77.10389280784887
32819,0,28.44220902551204,77.094671
41877,50,28.450318683794467,77.18374451221926
31967,0,28.437224490118577,77.07266760659031
35638,0,28.43722898167445,77.2976964272429
36946,23,28.433757008983108,77.32186656314737
33539,23,28.455239093424357,77.51950269386833
34996,29,28.452663121810996,77.02371784146362
33395,32,28.450913660797703,77.04879629613029
34218,14,28.445946,77.06138938819109
40959,37,28.441472410348542,77.07613830109263
34032,45,28.452585796622348,76.97946764857642
30322,0,28.45331455156306,77.31367104027677
43239,48,28.462187620194033,77.30019963355085
39096,0,28.452223506288174,77.50636167173407
34992,43,28.472973,77.00369481932752
43005,0,28.464404203018326,76.99135026354979
39463,0,28.462791734459213,77.080097
33964,0,28.468791361480417,77.01471518730624
35792,41,28.464750052820694,77.0603465564682
31357,0,28.460923247215234,77.04133279908936
31552,46,28.474895385914483,76.96222059242463
35634,11,28.472373459935323,77.1359511491191
34142,0,28.463460976284583,77.09390462858525
42218,0,28.462656987782967,77.10417270997293
34346,48,28.482067114265185,77.48087265016264
39990,36,28.475542169960473,77.54140595701772
34018,0,28.466240157743442,77.56217371313659
38078,0,28.422633516708586,77.07625636095644
31398,6,28.4704442540424,77.04482062144794
33315,10,28.47219596083363,77.0834693625768
43483,38,28.46889466726554,77.0244641096604
41541,0,28.473035881782252,77.07094849366018
32607,47,28.495024447718286,77.18487970394307
30782,1,28.47694353539346,77.0941242519596
44171,36,28.481071429392742,77.09551414188192
36481,0,28.496469637082285,77.1969709755889
31394,8,28.47329190046712,77.29651065162851
37066,42,28.492118411067192,77.29212073126723
42738,39,28.47814278081207,77.32501673476072
31454,0,28.479265669780812,77.30798899620967
31661,31,28.47794755228171,77.50801891895514
43111,0,28.475600560186848,77.52441424495446
33541,12,28.489715428674092,76.9999050670374
30786,0,28.48473312540424,77.09465445817308
30375,36,28.49045878117139,77.0963648214853
33397,4,28.502106539705355,77.06941140312108
38268,0,28.479272561264818,77.024663741547
34408,38,28.490245432267333,77.10409456818915
41205,29,28.49801582393101,77.1449069387178
38450,0,28.493200876033058,77.4140557084712
34130,0,28.501572044556234,77.38972420721097
45078,34,28.500655767157742,77.3753702552307
30320,49,28.49800574919152,77.52822494084747
35592,56,28.501482213438734,77.050947
34990,36,28.49563196191161,77.02040812742766
42664,0,28.499743981315127,77.09584012084619
34732,30,28.51029355443766,76.98730645988428
33680,0,28.50969726913403,77.20083008224364
35374,44,28.50165738411786,77.24597458781808
33353,26,28.50728979518505,77.23191613230743
30940,17,28.5,77.2908035167763
35918,0,28.5,77.3230790765776
45552,0,28.509184140136544,77.41630349165425
41657,50,28.513514,77.47094009543426
30415,30,28.496334890406036,77.42567562860839
34354,0,28.18928332267337,76.81534724974551
29650,5,28.515074969816744,77.01590307450638
43951,47,28.50806574272368,77.04769621222663
36455,35,28.51487943298599,77.11508340785879
42058,27,28.512986242184695,77.16172711178818
34596,23,28.525028257635647,77.23265359006722
32681,46,28.519851585339563,77.16418134808553
34264,35,28.514872695652176,77.20651621676845
34686,0,28.51614587926698,77.17739956183532
33433,42,28.535825957959037,77.27005981309735
35582,15,28.52160569205893,77.3868315545148
34600,0,28.521558530722242,77.53065745894222
35460,32,28.53097956916996,77.08657830893549
34554,0,28.524235947179303,77.13543600051281
42466,0,28.52863946855911,77.15195875851798
42048,41,28.53090770427596,77.2195863453243
41301,23,28.522319849443047,77.21460806780169
30900,0,28.537697845131156,77.30047168608992
33099,39,28.523793079770034,77.36687430145516
39988,31,28.52721982069709,77.38479217586415
34418,43,28.558656753144092,77.05043562440221
42812,32,28.549279476104925,77.13289752002886
31178,0,28.540972189364,77.12920236826564
42120,0,28.54135397161337,77.20321393584521
33401,10,28.54271491304348,77.25713628801752
44381,42,28.54432528997485,77.26250277483443
46020,31,28.545515398131517,77.28990610669508
33982,0,28.53727922493712,77.20740259679059
36267,41,28.536487370822854,77.2262530143711
39118,49,28.551201862019404,77.35580097928627
38092,47,28.539665146604385,77.34015243139332
34730,21,28.55990431261229,77.45146173585486
31446,13,28.540541,77.36987407354499
41959,27,28.591010738411786,76.9940905294482
40585,36,28.554054,77.1726483053458
34280,17,28.572113454545455,77.15978674595026
31606,0,28.55099974200503,77.20496861873157
30942,0,28.555608078332735,77.24898560447464
36908,0,28.562582372978802,77.28643525725553
35156,47,28.546128495508444,77.21329989604081
33674,19,28.550731477542218,77.30114033755484
34278,42,28.55602130147323,77.23816387068646
44580,41,28.551556694933524,77.34095498758583
33417,44,28.554503155587497,77.37540157780376
35038,39,28.56590612432627,77.400742
46149,0,28.594595,76.27045677517242
36060,0,28.572702971254046,77.07160209711061
31645,0,28.574269401365434,77.17641352762145
30708,41,28.57088276823572,77.27579243971864
38364,0,28.565775869205897,77.19995783740755
30724,33,28.56294787064319,77.21103268571305
35554,12,28.56569951275602,77.24088443572202
34360,0,28.578116573122532,77.34486735584919
43995,35,28.570164119295725,77.22402990147647
36357,30,28.57198319942508,77.3285328445659
34118,41,28.581718800934244,77.32321349461017
39924,13,28.562968646784046,77.36261803692054
35702,39,28.567913849802373,77.38323656972103
43937,24,28.569692505928856,77.444466
35012,25,28.57047852820697,77.48581281182209
34404,47,28.577103573122532,77.04820556933797
38832,0,28.5975908677686,77.1347716385371
32748,30,28.587404019044197,77.06813072828162
36302,0,28.583183048149483,77.16859867500212
30908,0,28.573135437657204,77.22804322888074
34220,35,28.57461765109594,77.18089762693675
30779,46,28.576445714337048,77.25545433924324
40004,49,28.583178556593605,77.24484334173032
33411,5,28.581081,77.371592
31490,44,28.58021862127201,77.39127442018173
36864,40,28.578911578512397,77.38468371482396
32611,43,28.575951643190802,77.43875790254796
33545,0,28.577618010420412,77.44821505862758
35330,0,28.58971041951132,77.02928802059908
41977,45,28.60040387531441,77.08233113977967
42046,0,28.595439412504494,77.094671
41321,0,28.595478938196194,77.06813602223512
36778,33,28.60210038986705,77.18647867224918
34180,49,28.61239294430471,76.98884142074314
43001,40,28.61606594538268,77.03295409141575
34420,13,28.60909165073662,77.03315905556344
36070,0,28.606441632770395,77.05209300515772
33529,0,28.608108,77.07189162077499
41979,0,28.611647346029468,77.109246
41018,38,28.623836337046352,77.15542190931468
35798,37,28.613470917714697,77.30389448753435
34748,29,28.62833238447718,77.22072227842008
37812,40,28.610881535752785,77.36270206610723
44662,19,28.61368766654689,77.34129945645545
31260,0,28.61232107941071,77.3302419831789
33914,23,28.60495043621991,77.38148585313661
36068,0,28.61156829464607,77.44645290202247
37280,34,28.59269956342077,77.3974322797689
34070,42,28.609093591088754,77.43089953996267
38152,0,28.633365326985267,77.47595468763555
31377,36,28.61488017463169,77.45528547398544
46022,26,28.630796157024793,79.80946188826519
45288,0,28.601653634207693,77.31435453824894
43939,44,28.595385513833996,77.29952114007335
36432,0,28.597891802012217,77.33546971314115
44257,29,28.594334489759255,77.34846394749653
32647,0,28.599285307222424,77.44820040415765
42302,39,28.59141946999641,77.45248705062029
35320,4,28.592012355371903,77.36215368650751
36782,28,28.622569718289615,77.27876622014907
38042,0,28.597258492633852,77.386167
41217,0,28.62870742939274,77.30242281945762
45032,0,28.622479887172116,77.35418329452966
43997,30,28.625383832195467,77.41554726621813
39611,37,28.621622,77.37807501048033
38254,0,28.642310652892558,77.48945939045393
37288,0,28.62348150413223,77.42504635494706
30912,2,28.626581065756376,77.44076675276061
34020,48,28.63934358785483,77.069401204231
34422,42,28.639989280273088,77.12092431322428
36319,0,28.63967596298958,77.03294825877023
35390,0,28.63459152173913,77.1048756767468
32038,48,28.629339770032338,77.07565523314067
35840,24,28.635135,77.09146234103396
31589,23,28.62242688681279,77.0573199988581
30790,45,28.64484465217391,77.20140372411558
41973,4,28.64652000251527,77.167545
46237,0,28.64405413833992,77.18552853038041
36424,47,28.63034250988142,77.13705015651706
35540,47,28.642688705353933,77.23122316271798
31372,44,28.64123228710025,77.28292340893114
42584,0,28.634784658641752,77.32689567910118
42528,30,28.633585413223138,77.35615826362631
31408,46,28.635172845849798,77.30953970964671
33672,0,28.639750073661514,77.35344072348732
31498,5,28.641783160258715,77.37421925924035
37588,0,28.636073735177863,77.36135192569208
45322,41,28.633544989220265,77.43640658336368
32750,19,28.62815272224218,77.44272617994204
34988,46,28.650647742364352,77.51093207199821
30987,28,28.642502305785122,77.1051005121936
36426,38,28.641197508803447,77.07937795963214
41223,0,28.646877171038444,77.13197522451154
44578,0,28.652325338483653,77.13053109482146
31045,28,28.6459765242544,77.17791798260859
36690,25,28.654908137261945,77.27423711219136
33391,0,28.651433764642473,77.28350421810102
42032,0,28.645662115343153,77.1873558548625
36034,0,28.648083063959756,77.30227510569837
30865,0,28.641528985627016,77.3344357132503
41701,26,28.646650257635645,77.3648975099348
35158,30,28.648096538627378,77.38342367528344
31118,37,28.66422811570248,77.32817001499895
42104,19,28.65141579841897,77.41287054908636
34290,7,28.655592945382676,77.400742
31392,43,28.663311838303986,77.46133428933204
42294,0,28.66236028871721,77.43661301429435
35838,0,28.668477127560188,77.10222106691612
43551,37,28.690779010779732,76.94372605572845
34144,37,28.68155095508444,77.05874909890358
30693,47,28.676053290693496,77.08997133794847
30985,46,28.654944069708943,77.11823930875586
33758,0,28.65497760222781,77.138396
35584,0,28.66058629033417,77.14924865488923
35298,0,28.65896401221703,77.20296224338247
42811,48,28.67240165576716,77.21654816075723
31245,0,28.650760390226374,77.1601494020788
36383,0,28.657418916996047,77.18458716230438
42574,29,28.663778960114982,77.2789330448388
31322,0,28.657854597915914,77.28985637899164
29581,32,28.67490794394538,77.31507455007011
41459,0,28.660724702120014,77.37655211466328
34724,44,28.69564336579231,76.92080320424648
36387,0,28.686437767876395,77.15775088125393
42746,32,28.678918903341717,77.09745083948368
31086,0,28.67348412073302,77.12271521655482
43099,50,28.67063756593604,77.17620166668107
30775,38,28.68656143981315,77.19519473843494
34830,0,28.69284050556953,77.26364512709341
35008,0,28.675676,77.28759963386142
30303,47,28.67801610061085,77.33974751474504
41149,35,28.680350740927057,77.37922450852993
41969,16,28.678056524613726,77.35715879341139
33515,8,28.676250681997843,77.4248439409968
34416,43,28.677796014372976,77.47505455688588
40530,25,28.70844320840819,76.88910816617569
37014,25,28.695070692418252,77.109246
33421,37,28.690567907653612,77.13460199243667
44666,0,28.700869748113547,77.16335799838684
43101,47,28.69546938447718,77.17143033832913
37586,0,28.692629531800215,77.29146580103526
34762,28,28.675676,77.20776317156285
31648,5,28.695378363995687,77.31001596026347
37740,0,28.687010595400647,77.32543594386966
31522,42,28.699940693136906,77.41850712570103
43197,37,28.70075443370464,77.42661941368745
35660,34,28.7273449838304,77.05475783866414
35324,0,28.706109999281352,77.10027851320875
31348,42,28.70371809162774,77.11587354446263
41975,33,28.709411292849442,77.06573708629082
45845,34,28.704414282788356,77.14222634289403
33996,33,28.71401722924901,77.21127
44539,0,28.7122023025512,77.1755659656479
44327,41,28.69745582069709,77.19129842272686
38610,41,28.711216898311175,77.28979804806985
35998,48,28.71526884315487,77.33140217018436
45704,10,28.70511496550485,77.30858186476989
35302,22,28.706952011857705,77.4255545791238
32036,0,28.722185277757816,77.07955921802034
35636,50,28.725549453108155,77.08925720933138
30175,29,28.717770078332734,77.1604124420773
41297,0,28.716216,77.11418819035056
30850,0,28.71524582393101,77.134754655607
34300,7,28.720608741645705,77.167545
35658,11,28.729406607977005,77.22042993639977
31084,24,28.70887439777219,77.19054455489469
35328,0,28.718695338842974,77.26606079677053
35576,0,28.721444171038446,77.45344396054573
39046,46,28.72973,77.76688936966825
30299,39,28.7480669310097,77.13211548985245
35690,40,28.745434879266977,77.1981703873379
35160,0,28.62026555012576,77.04055755846322
36451,34,28.739914757096656,77.11580823285884
34527,41,28.624128288178223,77.02951824192365
44776,0,28.61771883794466,77.06888363915549
42997,20,28.743595461372617,77.12241980925134
45817,32,28.735625321236075,77.26260596333971
37026,0,28.574059606539706,77.23870563511086
33912,32,28.61228180955803,77.08886917106106
46797,0,28.763583970535397,77.18420321474905
43561,0,28.777038774703556,77.50698334569067
39212,9,28.797297,79.0200354970901
41211,33,28.803182061085156,76.1346340348421
46791,0,28.797297,77.13587429357963
44325,33,28.811954100970176,76.14571320498268
41105,43,28.822105171397773,78.7789808881803
39565,0,28.83049539777219,77.5730406053782
43200,42,28.82562655120374,78.70315135955155
37334,50,28.83705646927776,78.7380491916489
39886,16,28.858379193316566,77.08788743780056
35656,46,28.601325596478624,77.4424196622595
42995,0,28.874308650377294,76.643489022522
45706,28,28.896980932806326,78.464702
43989,48,28.890122326985267,76.59789679553407
34682,0,28.910155974487964,77.109246
45386,28,28.89234564714337,76.642853
40152,0,28.87715180524614,78.74753720260678
35006,0,28.893495485447357,76.58174272432835
34680,38,28.89275437872799,76.61711963779443
42462,0,28.911482075098814,76.59116269101841
35890,49,28.922285482213436,77.05983966231507
43198,50,28.96350140028746,77.64094732924923
33972,44,28.959459,77.68344957372773
44574,29,28.99825503054258,77.08330143432049
38404,49,28.955223462809915,77.75264676613439
31344,34,28.96812211965505,77.735962
37860,46,28.982135773984908,79.4023375564897
40821,0,28.991107810995327,77.00929238059632
38040,39,28.98077274092706,79.3868521629876
34340,49,28.990065770032338,77.03764801643469
43947,0,28.990326280273088,77.65868752484921
45424,42,28.97467080812073,77.7208273957032
36325,0,29.00348993891484,77.76317074585981
39350,11,28.99457869205893,77.706813
44814,30,29.001634926338483,77.0226957152796
35338,41,29.032562041322315,77.67541775925802
34358,0,29.04243643657923,77.706813
46849,2,29.098473612648224,77.2593892196372
44331,40,29.06773194178944,77.70922861311706
45036,0,29.155923228889684,75.72228540699615
36525,0,29.135575172475743,75.73885604616083
42736,0,29.175676,79.49308945900847
39458,21,29.1731652202659,75.72413688016124
42178,0,29.210069690262305,78.96226951016159
40399,0,29.219854160258713,79.47561734986033
37816,34,29.20417173877111,79.50572786427296
39464,36,29.31423805713259,76.322207
38794,0,29.38018809701761,76.99302943381505
42660,47,29.381019034854475,78.13832426309223
36286,0,29.386340436938553,76.95676383649351
43643,0,29.398685632411066,76.97431460223862
38842,24,29.425973142651813,76.97974898902284
37758,0,29.46954594286741,77.7076487656634
39358,0,29.533479120014373,75.0375033427113
35932,0,29.66257073158462,77.00790012532055
42748,29,29.684957954365792,76.978073
42220,0,29.707441591448077,77.00422368971401
40970,41,29.743243,78.51454056865578
39614,0,29.80565918541143,76.40719723977554
41543,35,29.833171273445924,77.88394682191719
36054,33,29.876747565217393,77.88278225858764
39444,43,29.91435108767517,73.87621739638304
35706,20,29.925243110671936,78.13643686961973
37290,20,29.921297278835787,78.1116422787151
43277,47,29.94442682644628,77.54377261761512
42422,46,29.948640933524974,76.8246363099989
36477,0,29.972622658641754,78.047674269635
43633,0,29.98077151563061,78.18222624039934
38456,15,29.973983600071865,76.85961359548791
40531,0,29.98501726122889,77.55453621632263
45945,0,30.061011420050306,78.23395453195195
41723,0,30.073788804886814,78.27523
46737,37,30.11326430614445,78.28504264337775
41967,25,30.136344241825366,77.26461324036774
38458,27,30.14620110204815,77.2897121681643
43399,26,30.182712176428314,78.1404356602865
38478,41,30.200232644268773,74.92593727486681
35710,0,30.218274929213077,74.94785767872565
40769,0,30.251003316924184,75.84366718643659
41295,23,30.257974211642114,78.09183015101844
35314,0,30.288441743442327,78.0296478573485
42166,35,30.266762094861658,77.9996455236973
42170,37,30.28151239561624,78.06030099557462
33798,0,30.29374867085879,77.9985638950532
41203,50,30.297297,78.07418458635054
43635,20,30.300247952209848,78.05043833172388
43899,34,30.30031532554797,78.02478926308976
34530,45,30.326926856629537,76.39068897532002
34770,0,30.34554117247575,76.43770782028093
37866,0,30.33223253826806,76.85229645571151
33924,0,30.327158171757098,77.99579044730058
33796,0,30.322913651455263,78.06078900486368
39453,0,30.339742644268778,78.01538416889152
39460,0,30.357122649299317,77.8521029393589
36066,0,30.33725185195832,78.05547869342227
35996,36,30.363651157024798,76.40251726477463
40084,42,30.379923095220985,76.77214126566287
36640,0,30.376907015450954,78.10900838884402
40194,0,30.380012926338484,76.161885
37162,48,30.393702097017606,78.074557229598
45851,37,30.468409579231047,77.765112
40872,0,30.474536061444486,76.5898019181597
36774,42,30.30542562450593,78.00105331208957
41869,40,30.66287166582824,76.6753908089252
36600,48,30.634721776859507,76.79017228258135
40196,0,30.635458392022993,76.75842785430758
34758,0,30.629754805964783,76.82680482402007
45590,0,30.66250784980237,76.29537638612152
34774,42,30.638665362917713,76.81752572505799
36189,50,30.661515215954005,76.88110087114191
34016,0,30.654896627650015,76.85082897344925
45807,0,30.675676,74.76137230820297
43653,29,30.656237637800935,76.73992620859924
34760,22,30.669309373697445,76.7314289510894
33063,0,30.647191490118576,76.8216290945412
40484,0,30.669254166726553,76.81450720202925
36604,19,30.67677346316924,76.74861173427607
32959,0,30.683234095220985,76.84474824617925
42054,37,30.671943517067913,76.8541643101683
39610,33,30.707010402084084,76.21751976339371
42582,18,30.694906750628817,76.67578893673637
33962,0,30.701000700323394,76.70971964495573
38034,38,30.69457437549407,76.73411898571415
34120,39,30.709893980955805,76.75985848544804
30868,28,30.711666053898668,76.80596884563788
35306,46,30.719943991376212,76.65271530540062
36086,0,30.7158027768595,76.71612927643669
36076,0,30.70803574667625,76.8385696472608
42468,0,30.692714871361837,76.85224580916038
42094,0,30.728050158102764,76.7498346118897
37678,20,30.721656025152715,76.76716449001022
43545,27,30.72581012217032,76.80491403625254
44936,0,30.715189033596836,76.85099786617653
37680,30,30.727852529644267,76.67289027762791
36306,50,30.72973,76.72705533604335
44770,0,30.73334570247934,76.77885078774676
32993,40,30.742928591088752,76.65660752185353
34536,0,30.756155131512756,76.63608440605918
33922,35,30.739223057491916,76.74757770961493
42464,12,30.747155145167085,76.759451
31406,6,30.741106342076893,76.78713687903286
36529,0,30.7593755770751,76.61166222871218
37416,0,30.766180438375855,76.62572953538933
35750,0,30.762236698167445,76.66546859299193
38142,44,30.767332522457778,76.75371650260564
43241,69,30.769951099532875,76.79684194386027
38186,0,30.817874474667626,76.73855109476145
41012,0,30.822788876033062,75.17181042235133
42656,42,30.80775225044916,76.91667806923998
35668,0,30.86548932626662,75.86532384182219
43851,37,30.866014838303993,75.84297622260898
43849,42,30.85562696119296,75.90133781921668
34352,0,30.877273077254763,75.79896464150278
31090,0,30.879231582464968,75.84702476496143
45278,25,30.889632747394895,75.82773178932926
33804,30,30.903244561624145,75.89102656231312
36479,0,30.901214378368664,75.82984135866532
37068,30,30.91331013833992,75.8678813240498
31092,0,30.915244907294284,75.81402085341014
44329,48,30.891892,75.9308758430959
39655,0,30.908023577075095,77.09060343885716
44389,41,30.911332762127202,75.7667263828259
43549,0,30.92624263600431,75.83455749093456
38144,34,30.939042478620195,75.86945163631981
39656,38,30.94499379015451,76.803175
45284,49,31.21111359252605,75.77292855219194
36080,2,31.26271280309019,75.58541390694235
37080,48,31.25585150233561,75.695491
37082,0,31.304769857348187,75.593468
43651,0,31.314938739849083,75.578893
34114,517,31.332946695652176,75.6134003587394
44504,5,31.35757520481495,75.5837689131249
39050,29,31.378943936040248,75.38942
39837,42,31.47219146927776,76.27214284917397
39252,46,31.528536162773985,75.90673591714427
32925,42,31.617842355731224,74.89477894348396
35384,44,31.631106074380163,74.83048212586107
35004,27,31.64184878440532,74.87123089796992
43637,0,31.628864787998562,74.893877
32889,45,31.663028870283863,74.84479157348636
36290,43,31.65302826697808,74.89102258350432
43639,1,31.665422869565216,74.86726630666762
39654,44,31.693945557671576,76.51317390076652
41307,40,31.81770793819619,75.20088888909734
40401,0,32.20493530326985,76.32555111836412
39356,26,32.27027,75.651767
43901,16,32.67285276607977,74.83242077048817
39452,0,32.66799653108157,74.8946666621476
40632,0,32.68302433956162,74.85508935864618
44265,0,32.676520412504495,74.9145617620786
37378,0,32.697053714337045,74.87536406197832
40729,17,32.712276905497674,74.89718260308419
44263,37,32.7305025476105,74.821004
40727,35,32.7389041570248,74.85998085614789
46203,0,32.744689280991736,74.82692617013254
37380,0,32.766851925979154,74.83079715368483
39342,37,18.5024389148401,73.8023357413116
34396,0,30.363315413223145,76.37165558215705
34616,45,30.587601647502698,76.85767657976224
38526,41,30.68124151527129,76.69204479520624
42116,0,30.68312090801294,76.71715802041206
44337,0,30.714522683435142,76.75178663669745
42174,50,30.735254613726195,76.6466833131971
44980,0,30.732326119295724,76.6963814062636
44902,12,30.738971530362914,76.66534932735203
37738,37,30.76500885770751,76.91224879516055
38370,0,30.8571125432986,75.80222388828322
34122,41,31.294593083363278,75.57511372854854
36040,10,31.323012465684513,75.564318
45276,28,31.606200211642115,74.93124243093224
34400,46,28.517318347826087,77.0373841293788
41957,21,29.92758111965505,78.06672589977892
39660,24,31.525629766798417,76.88898481822051
36261,38,31.352700712540425,75.55582823515817
34752,49,12.867960773625583,77.663088
31108,0,12.87074684656845,77.57601319246776
41096,0,12.909645028745958,77.60288128598008
31530,32,12.91512812684154,77.63538134512687
34350,27,12.927479905497664,77.60913462489754
36730,37,12.905570095939634,77.69683905896203
43557,35,12.939750836148042,77.72352696385298
45326,22,12.94287377578153,77.62548663614245
37688,44,12.964376162055336,77.75709581581809
30558,44,13.000328975206612,77.74409116090175
43443,18,13.042636464965865,77.73897581801859
34184,0,17.40906228063241,78.450127
40876,6,17.45668306431908,78.37117896043512
36269,0,19.15416013905857,72.84391488434628
38524,0,19.154319743442326,72.88770543676146
34492,80,19.19022673625584,72.84161531232797
35640,0,19.22616819619116,72.8601038110284
33628,0,19.281008218469278,72.87692668257054
41058,0,19.28828004743083,72.86463084890174
42806,27,26.890998180380883,80.94761431530908
36428,0,28.429018669062163,77.09961273956408
36341,41,28.43984646712181,77.05283697208631
34870,30,28.446875752066116,77.08772368898951
31014,50,28.419350189363996,77.09089318203179
33389,43,28.453321134746673,77.08214554651889
34782,2,28.475308609054977,77.08420003340366
37870,0,28.475443355731226,77.06110482020868
31264,41,28.500345849802375,77.18543022330009
30474,15,28.525099633848367,77.15440296555862
30836,29,28.533713835070067,77.21889560103462
42576,0,28.569676785483292,77.24715438687154
33990,0,28.59098378907654,77.07658788522286
35644,0,28.610814547610495,77.28877261295436
45232,0,28.683817099173552,77.1351038760574
40529,0,28.557175631333095,77.25364910110004
35568,0,12.951256327344591,77.7150037288416
35680,49,13.008873439453827,77.75955682949248
40523,46,12.89933132482932,77.71923982521622
37208,28,12.970659848724397,77.65414154505727
39364,0,30.957523139417894,74.61024118523268
37332,0,12.862629859504132,77.61553822607141
36818,0,12.864218531800216,77.65126910372695
44169,0,31.511565756378005,75.93177806914952
34746,0,28.522549594682,77.26139847908122
37818,0,29.232741773625584,79.52707208599658
35316,25,30.341260565576718,77.95662932561832
38464,44,30.391591065756376,77.969159
36772,6,30.81316906683435,76.70210904978163
45863,0,12.956252029105283,80.2378677663614
44862,44,12.98118356413942,77.75794866112942
45631,23,12.966991778296801,77.7432293001627
45768,0,12.99091018253683,77.72143430722778
30622,43,12.9899065756378,77.68791428917902
43053,21,19.16272235285663,72.8413874600015
41519,36,28.436958396694212,77.10206727250002
35574,34,28.540366920948614,77.24272998762191
31494,31,28.55777749982034,77.20561822137296
31642,48,28.57278920733022,77.15902648665377
43645,13,30.6398511336687,76.82383171655124
44622,0,22.57344744664032,88.41379488045216
38036,0,31.286703511318724,75.6463325695637
46667,21,12.812743306503775,77.51155469815096